-- phpMyAdmin SQL Dump
-- version 5.2.1
-- https://www.phpmyadmin.net/
--
-- Host: 127.0.0.1
-- Generation Time: Sep 25, 2024 at 08:20 PM
-- Server version: 10.4.32-MariaDB
-- PHP Version: 8.2.12

SET SQL_MODE = "NO_AUTO_VALUE_ON_ZERO";
START TRANSACTION;
SET time_zone = "+00:00";


/*!40101 SET @OLD_CHARACTER_SET_CLIENT=@@CHARACTER_SET_CLIENT */;
/*!40101 SET @OLD_CHARACTER_SET_RESULTS=@@CHARACTER_SET_RESULTS */;
/*!40101 SET @OLD_COLLATION_CONNECTION=@@COLLATION_CONNECTION */;
/*!40101 SET NAMES utf8mb4 */;

--
-- Database: `hbwebsite`
--

-- --------------------------------------------------------

--
-- Table structure for table `admin_cred`
--

CREATE TABLE `admin_cred` (
  `sr_no` int(11) NOT NULL,
  `admin_name` varchar(150) NOT NULL,
  `admin_pass` varchar(150) NOT NULL
) ENGINE=InnoDB DEFAULT CHARSET=utf8mb4 COLLATE=utf8mb4_general_ci;

--
-- Dumping data for table `admin_cred`
--

INSERT INTO `admin_cred` (`sr_no`, `admin_name`, `admin_pass`) VALUES
(1, 'cyber', '12345');

-- --------------------------------------------------------

--
-- Table structure for table `booking_details`
--

CREATE TABLE `booking_details` (
  `sr_no` int(11) NOT NULL,
  `booking_id` int(11) NOT NULL,
  `room_name` varchar(100) NOT NULL,
  `price` int(11) NOT NULL,
  `total_pay` int(11) NOT NULL,
  `room_no` varchar(100) DEFAULT NULL,
  `user_name` varchar(100) NOT NULL,
  `phonenum` varchar(100) NOT NULL,
  `address` varchar(150) NOT NULL
) ENGINE=InnoDB DEFAULT CHARSET=utf8mb4 COLLATE=utf8mb4_general_ci;

-- --------------------------------------------------------

--
-- Table structure for table `booking_order`
--

CREATE TABLE `booking_order` (
  `booking_id` int(11) NOT NULL,
  `user_id` int(11) NOT NULL,
  `room_id` int(11) NOT NULL,
  `check_in` date NOT NULL,
  `check_out` date NOT NULL,
  `arrival` int(11) NOT NULL DEFAULT 0,
  `refund` int(11) DEFAULT NULL,
  `booking_status` varchar(100) NOT NULL DEFAULT 'pending',
  `order_id` varchar(150) NOT NULL,
  `trans_id` varchar(200) DEFAULT NULL,
  `trans_amt` int(11) NOT NULL,
  `trans_status` varchar(100) NOT NULL DEFAULT 'pending',
  `trans_resp_msg` varchar(200) DEFAULT NULL,
  `rate_review` int(11) DEFAULT NULL,
  `datentime` datetime NOT NULL DEFAULT current_timestamp()
) ENGINE=InnoDB DEFAULT CHARSET=utf8mb4 COLLATE=utf8mb4_general_ci;

-- --------------------------------------------------------

--
-- Table structure for table `carousel`
--

CREATE TABLE `carousel` (
  `sr_no` int(11) NOT NULL,
  `image` varchar(150) NOT NULL
) ENGINE=InnoDB DEFAULT CHARSET=utf8mb4 COLLATE=utf8mb4_general_ci;

--
-- Dumping data for table `carousel`
--

INSERT INTO `carousel` (`sr_no`, `image`) VALUES
(4, 'IMG_62045.png'),
(5, 'IMG_93127.png'),
(6, 'IMG_99736.png'),
(8, 'IMG_40905.png'),
(9, 'IMG_55677.png');

-- --------------------------------------------------------

--
-- Table structure for table `contact_details`
--

CREATE TABLE `contact_details` (
  `sr_no` int(11) NOT NULL,
  `address` varchar(50) NOT NULL,
  `gmap` varchar(100) NOT NULL,
  `pn1` bigint(20) NOT NULL,
  `pn2` bigint(20) NOT NULL,
  `email` varchar(100) NOT NULL,
  `fb` varchar(100) NOT NULL,
  `insta` varchar(100) NOT NULL,
  `tw` varchar(100) NOT NULL,
  `iframe` varchar(300) NOT NULL
) ENGINE=InnoDB DEFAULT CHARSET=utf8mb4 COLLATE=utf8mb4_general_ci;

--
-- Dumping data for table `contact_details`
--

INSERT INTO `contact_details` (`sr_no`, `address`, `gmap`, `pn1`, `pn2`, `email`, `fb`, `insta`, `tw`, `iframe`) VALUES
(1, 'FX3V+WCV, CAA Rd, Las Piñas, Metro Manila', 'https://maps.app.goo.gl/cm8JhLmjBgridSGt6', 918529636985, 91111222333558, 'villaocamporesort@gmail.com', 'https://www.facebook.com/', 'https://www.facebook.com/', 'https://www.facebook.com/', 'https://www.google.com/maps/embed?pb=!1m18!1m12!1m3!1d19019.473228666677!2d120.99911680000001!3d14.411366399999999!2m3!1f0!2f0!3f0!3m2!1i1024!2i768!4f13.1!3m3!1m2!1s0x3397ce0f5442dbc3%3A0x958ca640c51662cd!2sVilla%20Ocampo%20Resort!5e1!3m2!1sen!2sph!4v1727286597347!5m2!1sen!2sph');

-- --------------------------------------------------------

--
-- Table structure for table `facilities`
--

CREATE TABLE `facilities` (
  `id` int(11) NOT NULL,
  `icon` varchar(100) NOT NULL,
  `name` varchar(50) NOT NULL,
  `description` varchar(250) NOT NULL
) ENGINE=InnoDB DEFAULT CHARSET=utf8mb4 COLLATE=utf8mb4_general_ci;

--
-- Dumping data for table `facilities`
--

INSERT INTO `facilities` (`id`, `icon`, `name`, `description`) VALUES
(13, 'IMG_43553.svg', 'Wifi', ''),
(14, 'IMG_49949.svg', 'Air conditioner', ''),
(15, 'IMG_41622.svg', 'Television', '');

-- --------------------------------------------------------

--
-- Table structure for table `features`
--

CREATE TABLE `features` (
  `id` int(11) NOT NULL,
  `name` varchar(50) NOT NULL
) ENGINE=InnoDB DEFAULT CHARSET=utf8mb4 COLLATE=utf8mb4_general_ci;

--
-- Dumping data for table `features`
--

INSERT INTO `features` (`id`, `name`) VALUES
(13, 'bedroom'),
(14, 'balcony'),
(15, 'kitchen'),
(17, 'sofa');

-- --------------------------------------------------------

--
-- Table structure for table `rating_review`
--

CREATE TABLE `rating_review` (
  `sr_no` int(11) NOT NULL,
  `booking_id` int(11) NOT NULL,
  `room_id` int(11) NOT NULL,
  `user_id` int(11) NOT NULL,
  `rating` int(11) NOT NULL,
  `review` varchar(200) NOT NULL,
  `seen` int(11) NOT NULL DEFAULT 0,
  `datentime` datetime NOT NULL DEFAULT current_timestamp()
) ENGINE=InnoDB DEFAULT CHARSET=utf8mb4 COLLATE=utf8mb4_general_ci;

-- --------------------------------------------------------

--
-- Table structure for table `rooms`
--

CREATE TABLE `rooms` (
  `id` int(11) NOT NULL,
  `name` varchar(150) NOT NULL,
  `area` int(11) NOT NULL,
  `price` int(11) NOT NULL,
  `quantity` int(11) NOT NULL,
  `adult` int(11) NOT NULL,
  `children` int(11) NOT NULL,
  `description` varchar(350) NOT NULL,
  `status` tinyint(4) NOT NULL DEFAULT 1,
  `removed` int(11) NOT NULL DEFAULT 0
) ENGINE=InnoDB DEFAULT CHARSET=utf8mb4 COLLATE=utf8mb4_general_ci;

--
-- Dumping data for table `rooms`
--

INSERT INTO `rooms` (`id`, `name`, `area`, `price`, `quantity`, `adult`, `children`, `description`, `status`, `removed`) VALUES
(1, 'simple room', 159, 58, 56, 12, 2, 'asdf asd', 1, 1),
(2, 'simple room 2', 785, 159, 85, 452, 10, 'adfasdfa sd', 1, 1),
(3, 'Simple Room', 250, 300, 10, 5, 3, 'qsfwegwegwe', 1, 1),
(4, 'Deluxe Room', 300, 500, 10, 3, 2, 'werwetywerewr', 1, 1),
(5, 'Luxury Room', 600, 600, 2, 8, 6, 'rthrtgwerwe', 1, 1),
(6, 'Supreme deluxe room', 500, 900, 12, 9, 10, 'ergerhtrert', 1, 1),
(7, 'asdcas', 12, 1222, 12, 2, 2, 'qweqweqw', 1, 1),
(8, '1200', 12, 12222, 12, 2, 2, 'qweqweqw', 1, 1),
(9, '1200', 122, 12222, 12, 2, 2, 'qweqweqw', 1, 1),
(10, 'Standard', 12, 1200, 12, 2, 2, 'Good for small family', 1, 0),
(11, 'Couple room', 12, 1200, 3, 2, 1, 'qwgwerfgwetere', 1, 0),
(12, 'Deluxe', 12, 2000, 12, 2, 2, 'Deluxe room description', 1, 0);

-- --------------------------------------------------------

--
-- Table structure for table `room_facilities`
--

CREATE TABLE `room_facilities` (
  `sr_no` int(11) NOT NULL,
  `room_id` int(11) NOT NULL,
  `facilities_id` int(11) NOT NULL
) ENGINE=InnoDB DEFAULT CHARSET=utf8mb4 COLLATE=utf8mb4_general_ci;

--
-- Dumping data for table `room_facilities`
--

INSERT INTO `room_facilities` (`sr_no`, `room_id`, `facilities_id`) VALUES
(49, 10, 13),
(50, 10, 14),
(51, 10, 15),
(52, 11, 13),
(53, 11, 14),
(54, 11, 15),
(55, 12, 13),
(56, 12, 14);

-- --------------------------------------------------------

--
-- Table structure for table `room_features`
--

CREATE TABLE `room_features` (
  `sr_no` int(11) NOT NULL,
  `room_id` int(11) NOT NULL,
  `features_id` int(11) NOT NULL
) ENGINE=InnoDB DEFAULT CHARSET=utf8mb4 COLLATE=utf8mb4_general_ci;

--
-- Dumping data for table `room_features`
--

INSERT INTO `room_features` (`sr_no`, `room_id`, `features_id`) VALUES
(34, 10, 13),
(35, 10, 15),
(36, 11, 13),
(37, 11, 14),
(38, 12, 13),
(39, 12, 14);

-- --------------------------------------------------------

--
-- Table structure for table `room_images`
--

CREATE TABLE `room_images` (
  `sr_no` int(11) NOT NULL,
  `room_id` int(11) NOT NULL,
  `image` varchar(150) NOT NULL,
  `thumb` tinyint(4) NOT NULL DEFAULT 0
) ENGINE=InnoDB DEFAULT CHARSET=utf8mb4 COLLATE=utf8mb4_general_ci;

--
-- Dumping data for table `room_images`
--

INSERT INTO `room_images` (`sr_no`, `room_id`, `image`, `thumb`) VALUES
(26, 10, 'IMG_90754.webp', 1);

-- --------------------------------------------------------

--
-- Table structure for table `settings`
--

CREATE TABLE `settings` (
  `sr_no` int(11) NOT NULL,
  `site_title` varchar(50) NOT NULL,
  `site_about` varchar(250) NOT NULL,
  `shutdown` tinyint(1) NOT NULL
) ENGINE=InnoDB DEFAULT CHARSET=utf8mb4 COLLATE=utf8mb4_general_ci;

--
-- Dumping data for table `settings`
--

INSERT INTO `settings` (`sr_no`, `site_title`, `site_about`, `shutdown`) VALUES
(1, 'Villa Ocampo Resort', 'About us description', 0);

-- --------------------------------------------------------

--
-- Table structure for table `team_details`
--

CREATE TABLE `team_details` (
  `sr_no` int(11) NOT NULL,
  `name` varchar(50) NOT NULL,
  `picture` varchar(150) NOT NULL
) ENGINE=InnoDB DEFAULT CHARSET=utf8mb4 COLLATE=utf8mb4_general_ci;

-- --------------------------------------------------------

--
-- Table structure for table `user_cred`
--

CREATE TABLE `user_cred` (
  `id` int(11) NOT NULL,
  `name` varchar(100) NOT NULL,
  `email` varchar(150) NOT NULL,
  `address` varchar(120) NOT NULL,
  `phonenum` varchar(100) NOT NULL,
  `pincode` int(11) NOT NULL,
  `dob` date NOT NULL,
  `profile` varchar(100) NOT NULL,
  `password` varchar(200) NOT NULL,
  `is_verified` int(11) NOT NULL DEFAULT 0,
  `token` varchar(200) DEFAULT NULL,
  `t_expire` date DEFAULT NULL,
  `status` int(11) NOT NULL DEFAULT 1,
  `datentime` datetime NOT NULL DEFAULT current_timestamp()
) ENGINE=InnoDB DEFAULT CHARSET=utf8mb4 COLLATE=utf8mb4_general_ci;

--
-- Dumping data for table `user_cred`
--

INSERT INTO `user_cred` (`id`, `name`, `email`, `address`, `phonenum`, `pincode`, `dob`, `profile`, `password`, `is_verified`, `token`, `t_expire`, `status`, `datentime`) VALUES
(5, 'Cyber Bernalde', 'cyberbernalde@gmail.com', 'b10 l5 lucban street', '09917989972', 1747, '2024-09-11', 'IMG_23264.jpeg', '$2y$10$JTKEVkOZgyS1hYdU44C5y.qURKaWMSQ.f/LEcxtwKlTCPFqJIqq2e', 1, NULL, NULL, 1, '2024-09-26 02:05:44');

-- --------------------------------------------------------

--
-- Table structure for table `user_queries`
--

CREATE TABLE `user_queries` (
  `sr_no` int(11) NOT NULL,
  `name` varchar(50) NOT NULL,
  `email` varchar(150) NOT NULL,
  `subject` varchar(200) NOT NULL,
  `message` varchar(500) NOT NULL,
  `datentime` datetime NOT NULL DEFAULT current_timestamp(),
  `seen` tinyint(4) NOT NULL DEFAULT 0
) ENGINE=InnoDB DEFAULT CHARSET=utf8mb4 COLLATE=utf8mb4_general_ci;

--
-- Indexes for dumped tables
--

--
-- Indexes for table `admin_cred`
--
ALTER TABLE `admin_cred`
  ADD PRIMARY KEY (`sr_no`);

--
-- Indexes for table `booking_details`
--
ALTER TABLE `booking_details`
  ADD PRIMARY KEY (`sr_no`),
  ADD KEY `booking_id` (`booking_id`);

--
-- Indexes for table `booking_order`
--
ALTER TABLE `booking_order`
  ADD PRIMARY KEY (`booking_id`),
  ADD KEY `user_id` (`user_id`),
  ADD KEY `room_id` (`room_id`);

--
-- Indexes for table `carousel`
--
ALTER TABLE `carousel`
  ADD PRIMARY KEY (`sr_no`);

--
-- Indexes for table `contact_details`
--
ALTER TABLE `contact_details`
  ADD PRIMARY KEY (`sr_no`);

--
-- Indexes for table `facilities`
--
ALTER TABLE `facilities`
  ADD PRIMARY KEY (`id`);

--
-- Indexes for table `features`
--
ALTER TABLE `features`
  ADD PRIMARY KEY (`id`);

--
-- Indexes for table `rating_review`
--
ALTER TABLE `rating_review`
  ADD PRIMARY KEY (`sr_no`),
  ADD KEY `booking_id` (`booking_id`),
  ADD KEY `room_id` (`room_id`),
  ADD KEY `user_id` (`user_id`);

--
-- Indexes for table `rooms`
--
ALTER TABLE `rooms`
  ADD PRIMARY KEY (`id`);

--
-- Indexes for table `room_facilities`
--
ALTER TABLE `room_facilities`
  ADD PRIMARY KEY (`sr_no`),
  ADD KEY `facilities id` (`facilities_id`),
  ADD KEY `room id` (`room_id`);

--
-- Indexes for table `room_features`
--
ALTER TABLE `room_features`
  ADD PRIMARY KEY (`sr_no`),
  ADD KEY `features id` (`features_id`),
  ADD KEY `rm id` (`room_id`);

--
-- Indexes for table `room_images`
--
ALTER TABLE `room_images`
  ADD PRIMARY KEY (`sr_no`),
  ADD KEY `room_id` (`room_id`);

--
-- Indexes for table `settings`
--
ALTER TABLE `settings`
  ADD PRIMARY KEY (`sr_no`);

--
-- Indexes for table `team_details`
--
ALTER TABLE `team_details`
  ADD PRIMARY KEY (`sr_no`);

--
-- Indexes for table `user_cred`
--
ALTER TABLE `user_cred`
  ADD PRIMARY KEY (`id`);

--
-- Indexes for table `user_queries`
--
ALTER TABLE `user_queries`
  ADD PRIMARY KEY (`sr_no`);

--
-- AUTO_INCREMENT for dumped tables
--

--
-- AUTO_INCREMENT for table `admin_cred`
--
ALTER TABLE `admin_cred`
  MODIFY `sr_no` int(11) NOT NULL AUTO_INCREMENT, AUTO_INCREMENT=2;

--
-- AUTO_INCREMENT for table `booking_details`
--
ALTER TABLE `booking_details`
  MODIFY `sr_no` int(11) NOT NULL AUTO_INCREMENT, AUTO_INCREMENT=18;

--
-- AUTO_INCREMENT for table `booking_order`
--
ALTER TABLE `booking_order`
  MODIFY `booking_id` int(11) NOT NULL AUTO_INCREMENT, AUTO_INCREMENT=18;

--
-- AUTO_INCREMENT for table `carousel`
--
ALTER TABLE `carousel`
  MODIFY `sr_no` int(11) NOT NULL AUTO_INCREMENT, AUTO_INCREMENT=10;

--
-- AUTO_INCREMENT for table `contact_details`
--
ALTER TABLE `contact_details`
  MODIFY `sr_no` int(11) NOT NULL AUTO_INCREMENT, AUTO_INCREMENT=2;

--
-- AUTO_INCREMENT for table `facilities`
--
ALTER TABLE `facilities`
  MODIFY `id` int(11) NOT NULL AUTO_INCREMENT, AUTO_INCREMENT=20;

--
-- AUTO_INCREMENT for table `features`
--
ALTER TABLE `features`
  MODIFY `id` int(11) NOT NULL AUTO_INCREMENT, AUTO_INCREMENT=18;

--
-- AUTO_INCREMENT for table `rating_review`
--
ALTER TABLE `rating_review`
  MODIFY `sr_no` int(11) NOT NULL AUTO_INCREMENT, AUTO_INCREMENT=12;

--
-- AUTO_INCREMENT for table `rooms`
--
ALTER TABLE `rooms`
  MODIFY `id` int(11) NOT NULL AUTO_INCREMENT, AUTO_INCREMENT=13;

--
-- AUTO_INCREMENT for table `room_facilities`
--
ALTER TABLE `room_facilities`
  MODIFY `sr_no` int(11) NOT NULL AUTO_INCREMENT, AUTO_INCREMENT=57;

--
-- AUTO_INCREMENT for table `room_features`
--
ALTER TABLE `room_features`
  MODIFY `sr_no` int(11) NOT NULL AUTO_INCREMENT, AUTO_INCREMENT=40;

--
-- AUTO_INCREMENT for table `room_images`
--
ALTER TABLE `room_images`
  MODIFY `sr_no` int(11) NOT NULL AUTO_INCREMENT, AUTO_INCREMENT=27;

--
-- AUTO_INCREMENT for table `settings`
--
ALTER TABLE `settings`
  MODIFY `sr_no` int(11) NOT NULL AUTO_INCREMENT, AUTO_INCREMENT=2;

--
-- AUTO_INCREMENT for table `team_details`
--
ALTER TABLE `team_details`
  MODIFY `sr_no` int(11) NOT NULL AUTO_INCREMENT, AUTO_INCREMENT=13;

--
-- AUTO_INCREMENT for table `user_cred`
--
ALTER TABLE `user_cred`
  MODIFY `id` int(11) NOT NULL AUTO_INCREMENT, AUTO_INCREMENT=6;

--
-- AUTO_INCREMENT for table `user_queries`
--
ALTER TABLE `user_queries`
  MODIFY `sr_no` int(11) NOT NULL AUTO_INCREMENT, AUTO_INCREMENT=13;

--
-- Constraints for dumped tables
--

--
-- Constraints for table `booking_details`
--
ALTER TABLE `booking_details`
  ADD CONSTRAINT `booking_details_ibfk_1` FOREIGN KEY (`booking_id`) REFERENCES `booking_order` (`booking_id`);

--
-- Constraints for table `booking_order`
--
ALTER TABLE `booking_order`
  ADD CONSTRAINT `booking_order_ibfk_1` FOREIGN KEY (`user_id`) REFERENCES `user_cred` (`id`),
  ADD CONSTRAINT `booking_order_ibfk_2` FOREIGN KEY (`room_id`) REFERENCES `rooms` (`id`);

--
-- Constraints for table `rating_review`
--
ALTER TABLE `rating_review`
  ADD CONSTRAINT `rating_review_ibfk_1` FOREIGN KEY (`booking_id`) REFERENCES `booking_order` (`booking_id`),
  ADD CONSTRAINT `rating_review_ibfk_2` FOREIGN KEY (`room_id`) REFERENCES `rooms` (`id`),
  ADD CONSTRAINT `rating_review_ibfk_3` FOREIGN KEY (`user_id`) REFERENCES `user_cred` (`id`);

--
-- Constraints for table `room_facilities`
--
ALTER TABLE `room_facilities`
  ADD CONSTRAINT `facilities id` FOREIGN KEY (`facilities_id`) REFERENCES `facilities` (`id`) ON UPDATE NO ACTION,
  ADD CONSTRAINT `room id` FOREIGN KEY (`room_id`) REFERENCES `rooms` (`id`) ON UPDATE NO ACTION;

--
-- Constraints for table `room_features`
--
ALTER TABLE `room_features`
  ADD CONSTRAINT `features id` FOREIGN KEY (`features_id`) REFERENCES `features` (`id`) ON UPDATE NO ACTION,
  ADD CONSTRAINT `rm id` FOREIGN KEY (`room_id`) REFERENCES `rooms` (`id`) ON UPDATE NO ACTION;

--
-- Constraints for table `room_images`
--
ALTER TABLE `room_images`
  ADD CONSTRAINT `room_images_ibfk_1` FOREIGN KEY (`room_id`) REFERENCES `rooms` (`id`);
COMMIT;

/*!40101 SET CHARACTER_SET_CLIENT=@OLD_CHARACTER_SET_CLIENT */;
/*!40101 SET CHARACTER_SET_RESULTS=@OLD_CHARACTER_SET_RESULTS */;
/*!40101 SET COLLATION_CONNECTION=@OLD_COLLATION_CONNECTION */;
